time,Real,Predicted Value
33.0,27.899999999999995,49.111275
33.3,28.1,49.62033
33.6,28.4,50.11463
33.9,28.699999999999996,50.688133
34.2,29.1,51.20012
34.5,29.499999999999996,51.751976
34.8,29.9,52.231667
35.1,30.299999999999997,52.72332
35.4,30.599999999999998,53.14782
35.7,31.0,53.57124
36.0,31.299999999999997,53.93148
36.3,31.6,54.30135
36.6,31.9,54.623207
37.0,32.2,54.9631
37.2,32.6,55.295933
37.5,33.0,55.658264
37.8,33.5,56.06067
38.1,34.0,56.525223
38.4,34.5,57.087196
38.7,34.9,57.663612
39.0,35.3,58.3082
39.3,35.8,58.92743
39.6,36.3,59.60743
39.9,36.9,60.26295
40.2,37.599999999999994,60.985752
40.5,38.4,61.632793
40.8,39.0,62.30404
41.1,39.4,62.96544
41.4,39.7,63.66836
41.7,39.900000000000006,64.39605
42.0,40.1,65.18761
42.3,40.39999999999999,66.0549
42.6,40.8,66.93834
42.9,41.3,67.959656
43.2,41.7,68.97091
43.5,42.1,70.22531
43.8,42.5,71.34671
44.1,42.8,72.68451
44.4,43.10000000000001,73.88232
44.7,43.3,75.27368
45.0,43.599999999999994,76.53409
45.3,43.9,77.95293
45.6,44.3,79.1942
45.9,44.7,80.52439
46.2,45.2,81.6035
46.5,45.8,82.89596
46.8,46.5,83.9062
47.1,47.1,85.24428
47.4,47.8,86.25535
47.7,48.5,87.454445
48.0,49.3,88.23802
48.3,50.099999999999994,89.22578
48.6,50.9,89.92144
48.9,51.7,90.88444
49.2,52.6,91.552315
49.5,53.5,92.5377
49.8,54.5,93.29057
50.1,55.6,94.3899
50.4,56.89999999999999,95.21606
50.7,58.10000000000001,96.42281
51.0,59.10000000000001,97.39416
51.3,60.099999999999994,98.69577
51.6,61.0,99.842834
51.9,62.0,101.34761
52.2,63.199999999999996,102.756424
52.5,64.2,104.47299
52.8,65.1,106.11378
53.1,65.80000000000001,107.84199
53.4,66.4,109.635414
53.7,66.9,111.64264
54.0,67.29999999999998,113.70723
54.3,67.6,115.89909
54.6,67.79999999999998,118.20374
54.9,68.1,120.41949
55.2,68.5,122.73229
55.5,69.1,125.25346
55.8,69.79999999999998,128.03116
56.1,70.4,130.67276
56.4,71.1,133.13156
56.7,71.9,136.2691
57.0,73.1,139.15927
57.3,74.4,142.09343
57.6,76.0,144.81326
57.9,77.7,147.9404
58.2,79.30000000000001,150.0317
58.5,80.70000000000002,153.05533
58.8,82.29999999999998,154.93271
59.1,84.1,157.86998
59.4,86.20000000000002,160.16388
59.7,88.40000000000002,162.48512
60.0,90.69999999999999,164.19485
60.3,93.0,167.22896
60.6,95.1,169.3892
60.9,97.0,172.61032
61.2,98.7,174.9528
61.5,100.0,178.36499
61.8,101.0,180.76407
62.1,102.0,184.06116
62.4,103.0,187.0897
62.7,104.0,191.37831
63.0,104.0,194.7313
63.3,105.00000000000001,198.55785
63.6,106.00000000000001,201.84518
63.9,106.00000000000001,205.70436
64.2,107.00000000000001,208.87291
64.5,109.00000000000001,212.93872
64.8,110.00000000000001,216.63359
65.1,111.00000000000001,220.99336
65.4,113.00000000000001,223.22966
65.7,114.00000000000001,227.55927
66.0,115.00000000000001,230.04819
66.3,118.0,234.40211
66.6,121.0,235.80688
66.9,125.0,239.4355
67.2,129.0,240.61182
67.5,133.0,244.4995
67.8,137.0,245.93082
68.1,142.0,248.74065
68.4,146.0,250.11505
68.7,149.0,252.85713
69.0,151.0,254.13586
69.3,153.0,257.10895
69.6,156.0,257.76532
69.9,158.0,261.26392
70.2,161.0,262.0912
70.5,162.0,264.47272
70.8,164.0,267.56842
71.1,165.00000000000003,270.89288
71.4,166.00000000000003,272.02652
71.7,167.0,274.49188
72.0,168.0,275.66833
72.3,169.0,278.1468
72.6,171.0,280.26205
72.9,172.0,283.2093
73.2,173.0,285.2969
73.5,174.0,285.5238
73.8,175.0,286.99075
74.1,176.0,287.0744
74.4,177.0,288.46573
74.7,178.0,288.69006
75.0,180.0,289.1852
75.3,181.0,287.83813
75.6,183.0,288.2917
75.9,185.0,288.2755
76.2,187.0,289.06195
76.5,188.0,287.32938
76.8,190.00000000000003,287.5254
77.1,193.0,285.50165
77.4,196.0,287.10873
77.7,199.0,286.01956
78.0,200.0,285.7205
78.3,202.0,284.28046
78.6,204.0,283.8933
78.9,207.0,283.43674
79.2,211.0,284.83554
79.5,213.0,286.65152
79.8,215.0,287.75406
80.1,218.00000000000003,285.84125
80.4,221.00000000000003,284.46713
80.7,224.00000000000003,285.04846
81.0,227.0,287.02316
81.3,230.99999999999997,282.70514
81.6,233.99999999999997,284.96344
81.9,236.99999999999997,287.53772
82.2,238.99999999999997,288.68573
82.5,240.99999999999997,287.38052
82.8,243.99999999999997,289.78946
83.1,245.99999999999997,291.74188
83.4,248.99999999999997,288.44534
83.7,248.99999999999997,291.87732
84.0,247.99999999999997,291.2276
84.3,247.99999999999997,293.09686
84.6,247.99999999999997,291.5397
84.9,249.99999999999997,294.28796
85.2,253.99999999999997,295.814
85.5,254.99999999999997,300.7708
85.8,251.99999999999997,299.4006
86.1,247.99999999999997,302.46582
86.4,246.99999999999997,299.7215
86.7,246.99999999999997,303.6679
87.0,250.99999999999997,302.2135
87.3,257.0,305.22476
87.6,262.0,302.80182
87.9,264.0,306.69095
88.2,263.0,305.3401
88.5,262.0,307.70258
88.8,262.0,308.3621
89.1,261.0,312.0269
89.4,260.0,310.2117
89.7,263.0,308.76956
90.0,267.0,306.4285
90.3,268.0,306.35678
90.6,268.0,304.83026
90.9,268.0,306.01184
91.2,269.0,307.48175
91.5,270.0,308.40765
91.8,270.0,309.14636
92.1,269.0,309.86646
92.4,268.0,311.84244
92.7,266.0,313.72043
93.0,265.0,313.89362
93.3,262.0,315.90442
93.6,259.0,316.54575
93.9,254.99999999999997,318.4268
94.2,252.99999999999997,317.5489
94.5,251.99999999999997,319.4993
94.8,252.99999999999997,320.7707
95.1,255.99999999999997,323.59467
95.4,260.0,324.14078
95.7,262.0,327.24002
96.0,264.0,327.0911
96.3,265.0,327.06708
96.6,267.0,325.4332
96.9,269.0,324.46545
97.2,273.0,323.419
97.5,278.0,321.21887
97.8,278.0,318.18524
98.1,279.0,318.20905
98.4,281.0,317.21225
98.7,280.0,314.9625
99.0,277.0,314.71872
99.3,273.0,311.67218
99.6,269.0,309.88818
99.9,266.0,306.28604
100.0,266.0,305.29135
101.0,270.0,304.06592
101.0,275.0,307.43915
101.0,277.0,310.12033
101.0,278.0,312.1836
102.0,278.0,309.18573
102.0,279.0,308.91858
102.0,279.0,305.5963
103.0,280.0,307.61996
103.0,281.0,305.19742
103.0,284.99999999999994,302.04202
104.0,291.99999999999994,299.4319
104.0,299.0,298.4127
104.0,306.0,296.68655
104.0,312.0,294.83908
105.0,312.0,292.61627
105.0,311.0,292.3328
105.0,314.0,292.81943
106.0,318.0,292.27844
106.0,321.0,295.41922
106.0,324.0,296.06146
107.0,327.0,296.79324
107.0,329.0,298.20996
107.0,331.0,299.78098
107.0,332.99999999999994,300.72803
108.0,333.99999999999994,299.96283
108.0,331.0,300.3565
108.0,325.0,297.7756
109.0,320.0,296.34702
109.0,317.0,294.54025
109.0,315.0,293.66293
110.0,316.0,292.2721
110.0,317.0,291.26102
110.0,316.0,292.42172
110.0,316.0,290.20123
111.0,316.0,294.98904
111.0,318.0,299.19556
111.0,322.0,298.75873
112.0,325.0,298.1192
112.0,326.0,301.2653
112.0,325.0,300.0311
113.0,327.0,300.9927
113.0,330.0,299.22696
113.0,332.0,302.32297
113.0,330.0,300.0931
114.0,326.0,303.38696
114.0,321.0,302.40927
114.0,317.0,307.5329
115.0,316.0,311.87857
115.0,316.0,313.88684
115.0,316.0,314.43375
116.0,314.0,315.75208
116.0,311.0,319.40106
116.0,309.0,323.7336
116.0,307.0,321.25854
117.0,306.0,322.55658
117.0,305.0,319.18842
117.0,304.0,319.00433
118.0,304.0,315.42465
118.0,303.0,313.99612
118.0,302.0,312.7727
119.0,301.0,311.2096
119.0,300.0,312.64673
119.0,297.0,313.00348
119.0,292.99999999999994,314.4031
120.0,290.99999999999994,314.67984
120.0,289.99999999999994,315.08936
120.0,288.99999999999994,314.62967
121.0,289.99999999999994,314.23355
121.0,290.99999999999994,315.07428
121.0,291.99999999999994,316.0104
122.0,292.99999999999994,314.7775
122.0,293.99999999999994,315.8399
122.0,293.99999999999994,316.26523
122.0,293.99999999999994,316.2162
123.0,292.99999999999994,314.32373
123.0,291.99999999999994,313.49258
123.0,291.99999999999994,314.12256
124.0,291.99999999999994,313.16833
124.0,293.99999999999994,311.45822
124.0,296.0,309.9903
125.0,298.0,309.56454
125.0,298.0,308.9311
125.0,299.0,308.91916
125.0,301.0,308.64694
126.0,302.0,310.2042
126.0,301.0,309.96606
126.0,304.0,310.9054
127.0,307.0,308.38092
127.0,308.0,310.07236
127.0,309.0,311.66028
128.0,309.0,314.93158
128.0,309.0,312.3921
128.0,312.0,313.33807
128.0,315.0,311.26654
129.0,316.0,313.18613
129.0,316.0,313.51135
129.0,315.0,312.44086
130.0,315.0,312.6677
130.0,317.0,311.19492
130.0,319.0,310.79486
131.0,320.0,312.9983
131.0,321.0,313.8574
131.0,321.0,312.57385
131.0,321.0,313.4847
132.0,320.0,315.72372
132.0,319.0,316.12448
132.0,317.0,317.94263
133.0,316.0,315.91125
133.0,315.0,316.33768
133.0,313.0,314.8934
134.0,311.0,316.5942
134.0,310.0,313.24466
134.0,309.0,313.2816
134.0,307.0,311.19257
135.0,305.0,311.5311
135.0,305.0,312.0416
135.0,306.0,310.51624
136.0,306.0,312.31985
136.0,304.0,310.91757
136.0,301.0,311.02426
137.0,299.0,310.41022
137.0,297.0,308.18576
137.0,296.0,309.6923
137.0,293.99999999999994,309.17944
138.0,290.99999999999994,309.3955
138.0,287.99999999999994,308.2073
138.0,285.99999999999994,309.81012
139.0,285.99999999999994,310.73135
139.0,289.99999999999994,310.73196
139.0,293.99999999999994,312.04532
140.0,296.0,313.24915
140.0,296.0,312.22327
140.0,294.99999999999994,312.28766
140.0,294.99999999999994,310.97256
141.0,297.0,312.77518
141.0,297.0,312.9258
141.0,294.99999999999994,309.92886
142.0,293.99999999999994,310.25208
142.0,292.99999999999994,307.48108
142.0,292.99999999999994,307.36288
143.0,292.99999999999994,306.7001
143.0,294.99999999999994,307.90717
143.0,296.0,307.84097
143.0,298.0,307.8263
144.0,299.0,309.24625
144.0,300.0,311.3236
144.0,300.0,311.46063
145.0,299.0,310.85654
145.0,297.0,309.72852
145.0,296.0,309.75803
146.0,296.0,309.4127
146.0,298.0,310.07693
146.0,299.0,306.9965
146.0,301.0,309.37314
147.0,304.0,310.6981
147.0,304.0,311.7287
147.0,305.0,312.25485
148.0,307.0,312.45663
148.0,311.0,311.71472
148.0,314.0,311.58426
149.0,315.0,312.5665
149.0,314.0,314.03973
149.0,313.0,312.8362
149.0,313.0,314.89062
150.0,313.0,311.97183
150.0,314.0,313.94626
150.0,316.0,312.99057
151.0,317.0,314.74582
151.0,318.0,313.36316
151.0,318.0,315.34454
152.0,316.0,315.89355
152.0,314.0,318.84872
152.0,313.0,317.1088
152.0,313.0,316.41644
153.0,313.0,314.4016
153.0,313.0,314.79678
153.0,311.0,314.20114
154.0,309.0,314.0901
154.0,306.0,311.9101
154.0,302.0,313.94122
155.0,300.0,313.08624
155.0,302.0,314.67395
155.0,304.0,312.5345
155.0,306.0,314.03973
156.0,309.0,313.04932
156.0,311.0,318.16138
156.0,313.0,313.82678
157.0,314.0,318.3741
157.0,315.0,315.5968
157.0,316.0,316.97098
158.0,317.0,314.28702
158.0,319.0,317.01367
158.0,321.0,313.6721
158.0,325.0,316.78766
159.0,329.0,314.95667
159.0,332.0,315.91315
159.0,331.0,315.5526
160.0,330.0,318.47885
160.0,329.0,322.13068
160.0,328.0,321.0364
161.0,328.0,323.57928
161.0,329.0,324.3849
161.0,330.0,323.91394
161.0,333.99999999999994,325.43967
162.0,338.99999999999994,322.81866
162.0,337.99999999999994,324.43314
162.0,334.99999999999994,321.0502
163.0,332.99999999999994,323.6263
163.0,332.99999999999994,323.07184
163.0,333.99999999999994,321.94644
164.0,337.99999999999994,322.16437
164.0,342.99999999999994,320.58328
164.0,343.99999999999994,319.48605
164.0,343.99999999999994,317.0604
165.0,343.99999999999994,319.04904
165.0,347.0,317.75974
165.0,351.0,319.61703
166.0,354.0,317.50507
166.0,357.0,319.20572
166.0,358.0,319.08105
167.0,358.0,316.24527
167.0,359.0,317.59174
167.0,360.0,316.62448
167.0,361.0,318.16483
168.0,360.0,317.40985
168.0,359.0,317.79816
168.0,359.0,319.79965
169.0,362.0,324.11816
169.0,367.0,325.52682
169.0,368.0,327.47186
170.0,368.0,327.56845
170.0,367.0,327.26968
170.0,367.0,326.74823
170.0,369.0,328.14697
171.0,372.0,330.96396
171.0,374.0,327.70184
171.0,375.0,328.7097
172.0,376.0,328.32565
172.0,377.0,328.1175
172.0,376.0,328.17426
173.0,375.0,326.7236
173.0,373.0,327.0623
173.0,373.0,325.0103
173.0,374.0,327.29858
174.0,377.0,325.4592
174.0,379.0,326.75558
174.0,381.0,326.91052
175.0,383.0,328.39532
175.0,383.99999999999994,331.18597
175.0,384.99999999999994,331.60675
176.0,387.99999999999994,333.60135
176.0,390.99999999999994,333.8536
176.0,393.99999999999994,334.66022
176.0,396.99999999999994,333.00824
177.0,399.0,332.60107
177.0,400.0,332.44092
177.0,400.0,331.92184
178.0,398.0,332.77002
178.0,395.99999999999994,333.514
178.0,393.99999999999994,334.75092
179.0,392.99999999999994,335.37125
179.0,391.99999999999994,336.8405
179.0,385.99999999999994,338.17438
179.0,382.0,340.12088
180.0,383.0,341.43805
180.0,384.99999999999994,341.0251
180.0,386.99999999999994,342.53528
181.0,387.99999999999994,341.85263
181.0,388.99999999999994,342.56415
181.0,387.99999999999994,339.80338
182.0,385.99999999999994,338.99335
182.0,384.99999999999994,332.88593
182.0,384.99999999999994,332.6057
182.0,383.99999999999994,328.15738
183.0,383.0,327.8548
183.0,381.0,321.2577
183.0,378.0,322.491
184.0,373.0,316.48154
184.0,369.0,312.8669
184.0,371.0,304.5375
185.0,378.0,300.99396
185.0,385.99999999999994,282.7251
185.0,391.99999999999994,281.3258
185.0,398.0,241.89473
186.0,403.0,251.49667
186.0,405.0,229.18236
186.0,403.0,223.47464
187.0,403.0,206.29056
187.0,403.0,210.74799
187.0,404.0,197.38377
188.0,405.0,200.48743
188.0,404.0,197.47379
188.0,404.0,202.8574
188.0,401.0,200.06905
189.0,394.99999999999994,211.4502
189.0,390.99999999999994,211.98993
189.0,391.99999999999994,213.18088
190.0,392.99999999999994,215.67976
190.0,394.99999999999994,241.60223
190.0,394.99999999999994,234.50758
191.0,394.99999999999994,253.2173
191.0,392.99999999999994,285.77142
191.0,391.99999999999994,281.5467
191.0,392.99999999999994,280.46106
192.0,396.99999999999994,274.6915
192.0,402.0,274.1294
192.0,404.0,250.821
193.0,406.0,270.72205
193.0,408.0,289.26294
193.0,409.0,288.55115
194.0,409.0,311.1458
194.0,408.0,319.91177
194.0,406.0,319.6415
194.0,405.0,318.27554
195.0,405.0,321.5562
195.0,405.0,316.56122
195.0,406.0,322.38882
196.0,408.0,312.59995
196.0,410.0,322.95303
196.0,409.0,320.6528
197.0,409.0,323.6731
197.0,410.0,317.1948
197.0,412.0,319.66608
197.0,413.0,312.97018
198.0,414.0,319.07498
198.0,415.0,315.6001
198.0,414.0,320.9627
199.0,414.0,321.57907
199.0,416.0,326.75153
199.0,418.0,325.4167
200.0,420.0,328.3672
200.0,421.0,326.00327
200.0,422.0,330.10773
200.0,423.0,326.76407
201.0,424.0,329.94574
201.0,424.0,327.89493
201.0,422.0,332.04868
202.0,419.0,330.8466
202.0,417.0,338.21002
202.0,416.0,339.57785
203.0,417.0,343.29947
203.0,418.0,341.6412
203.0,419.0,342.0829
203.0,421.0,340.21384
204.0,423.0,343.18008
204.0,423.0,340.98782
204.0,422.0,343.00195
205.0,421.0,342.46503
205.0,419.0,346.5229
205.0,419.0,342.99374
206.0,418.0,344.3038
206.0,415.0,343.10873
206.0,412.0,344.25952
206.0,409.0,340.82605
207.0,404.0,343.34055
207.0,399.0,344.5904
207.0,394.99999999999994,346.53946
208.0,393.99999999999994,346.447
208.0,393.99999999999994,347.41064
208.0,393.99999999999994,344.61337
209.0,393.99999999999994,345.5735
209.0,394.99999999999994,343.0958
209.0,395.99999999999994,347.55716
209.0,394.99999999999994,343.80258
210.0,396.99999999999994,345.03223
210.0,400.0,338.81772
210.0,403.0,341.50772
211.0,406.0,337.9885
211.0,409.0,340.79684
211.0,413.0,335.7157
212.0,418.0,335.48273
212.0,422.0,331.53513
212.0,425.0,333.90515
212.0,425.0,332.33786
213.0,425.0,335.95966
213.0,426.0,333.16138
213.0,426.0,337.02536
214.0,427.0,333.4316
214.0,427.0,337.39124
214.0,428.0,336.1363
215.0,428.0,341.1417
215.0,429.0,340.38235
215.0,430.0,344.5167
215.0,428.0,341.47803
216.0,426.0,342.72086
216.0,425.0,338.58203
216.0,423.0,341.1819
217.0,420.0,338.03394
217.0,418.0,340.52286
217.0,416.0,340.6946
218.0,414.0,345.05258
218.0,411.0,342.26596
218.0,409.0,343.77112
218.0,408.0,344.95288
219.0,407.0,347.26083
219.0,407.0,340.45984
219.0,406.0,337.3471
220.0,404.0,337.4426
220.0,403.0,339.6093
220.0,402.0,337.64877
221.0,401.0,341.13986
221.0,398.0,337.97226
221.0,395.99999999999994,338.56714
221.0,394.99999999999994,334.18735
222.0,395.99999999999994,335.6388
222.0,395.99999999999994,332.5212
222.0,394.99999999999994,334.12115
223.0,393.99999999999994,330.1938
223.0,392.99999999999994,332.0881
223.0,391.99999999999994,332.2243
224.0,392.99999999999994,333.5169
224.0,391.99999999999994,331.3418
224.0,390.99999999999994,332.39664
224.0,389.99999999999994,331.3979
225.0,385.99999999999994,334.1545
225.0,382.0,337.32373
225.0,381.0,335.97192
226.0,378.0,332.34277
226.0,376.0,333.03586
226.0,373.0,332.6525
227.0,370.0,332.57156
227.0,369.0,331.69052
227.0,367.0,331.29623
227.0,362.0,329.05307
228.0,357.0,328.80194
228.0,354.0,327.72736
228.0,351.0,327.32034
229.0,348.0,325.53186
229.0,347.0,323.9815
229.0,348.0,321.09775
230.0,352.0,320.49716
230.0,357.0,319.8523
230.0,360.0,318.8731
230.0,361.0,318.4895
231.0,359.0,316.04993
231.0,357.0,315.08398
231.0,356.0,312.03198
232.0,356.0,310.5437
232.0,356.0,308.07196
232.0,355.0,306.97076
233.0,354.0,305.6313
233.0,351.0,304.6925
233.0,349.0,306.23795
233.0,348.0,307.50195
234.0,345.99999999999994,310.71863
234.0,344.99999999999994,310.13284
234.0,344.99999999999994,312.8565
235.0,344.99999999999994,313.33823
235.0,343.99999999999994,318.01187
235.0,341.99999999999994,318.82086
236.0,340.99999999999994,321.03766
236.0,339.99999999999994,320.20773
236.0,340.99999999999994,320.0094
236.0,341.99999999999994,322.0737
237.0,339.99999999999994,318.9194
237.0,336.99999999999994,320.10626
237.0,336.99999999999994,316.25305
238.0,337.99999999999994,317.39078
238.0,340.99999999999994,314.20245
238.0,342.99999999999994,312.803
239.0,343.99999999999994,313.03854
239.0,343.99999999999994,312.8382
239.0,342.99999999999994,314.01376
239.0,342.99999999999994,311.86005
240.0,343.99999999999994,313.545
240.0,347.0,314.43582
240.0,350.0,317.08334
241.0,352.0,314.0389
241.0,354.0,316.32788
241.0,356.0,311.5077
242.0,358.0,315.65878
242.0,358.0,314.96643
242.0,358.0,317.09894
242.0,357.0,316.00906
243.0,355.0,316.72702
243.0,354.0,316.5919
243.0,353.0,320.22937
244.0,350.0,322.1382
244.0,343.99999999999994,322.91025
244.0,341.99999999999994,322.88208
245.0,339.99999999999994,325.2219
245.0,339.99999999999994,326.07483
245.0,340.99999999999994,329.28232
245.0,341.99999999999994,327.59955
246.0,341.99999999999994,329.8326
246.0,339.99999999999994,329.7822
246.0,336.99999999999994,333.2207
247.0,332.99999999999994,331.67618
247.0,330.0,334.2244
247.0,330.0,332.22482
248.0,331.0,331.28296
248.0,331.0,329.7411
248.0,330.0,330.66638
248.0,327.0,334.4745
249.0,324.0,333.6304
249.0,323.0,335.7257
249.0,323.0,333.20407
250.0,323.0,333.2587
250.0,323.0,333.48703
250.0,323.0,333.8827
251.0,323.0,332.3261
251.0,325.0,331.83557
251.0,326.0,331.563
251.0,329.0,333.0036
252.0,331.0,331.3725
252.0,332.99999999999994,330.5375
252.0,333.99999999999994,328.94778
253.0,333.99999999999994,328.75552
253.0,333.99999999999994,326.68823
253.0,332.99999999999994,324.76236
254.0,332.0,322.64865
254.0,331.0,322.69055
254.0,331.0,322.3029
254.0,332.0,322.46042
255.0,332.99999999999994,323.49222
255.0,332.0,324.73523
255.0,330.0,325.11194
256.0,328.0,326.0213
256.0,325.0,327.1243
256.0,322.0,328.4776
257.0,321.0,327.2636
257.0,320.0,327.0192
257.0,320.0,328.43073
257.0,320.0,330.86325
258.0,322.0,328.528
258.0,323.0,329.24728
258.0,325.0,329.46384
259.0,327.0,330.01282
259.0,329.0,328.328
259.0,328.0,327.44348
260.0,325.0,328.03738
260.0,324.0,328.6559
260.0,324.0,327.4228
260.0,325.0,326.59668
261.0,326.0,326.55786
261.0,329.0,327.65128
261.0,331.0,327.9896
262.0,329.0,328.9504
262.0,327.0,330.79272
262.0,324.0,331.6604
263.0,323.0,332.38498
263.0,323.0,332.09756
263.0,325.0,333.35266
263.0,326.0,334.3813
264.0,326.0,333.7818
264.0,325.0,333.2748
264.0,322.0,333.5154
265.0,320.0,333.76303
265.0,318.0,333.57428
265.0,317.0,331.77457
266.0,316.0,332.31247
266.0,314.0,333.18396
266.0,313.0,335.00504
266.0,311.0,332.26953
267.0,309.0,333.6313
267.0,306.0,333.29047
267.0,304.0,336.0313
268.0,303.0,333.7438
268.0,301.0,334.28683
268.0,298.0,331.9206
269.0,296.0,334.24652
269.0,293.99999999999994,333.60025
269.0,291.99999999999994,332.18835
269.0,291.99999999999994,331.1784
270.0,291.99999999999994,332.50214
270.0,292.99999999999994,330.81833
270.0,294.99999999999994,328.6935
271.0,297.0,326.00977
271.0,299.0,325.49414
271.0,302.0,324.7702
272.0,305.0,324.10855
272.0,307.0,320.41476
272.0,308.0,320.49124
272.0,308.0,319.0146
273.0,309.0,317.5602
273.0,309.0,315.15112
273.0,312.0,314.36996
274.0,314.0,314.33368
274.0,316.0,314.76166
274.0,317.0,313.7894
275.0,318.0,314.8725
275.0,317.0,314.69955
275.0,315.0,317.10617
275.0,312.0,317.0044
276.0,313.0,317.70016
276.0,314.0,317.5412
276.0,316.0,316.14023
277.0,319.0,315.33237
277.0,323.0,316.64966
277.0,325.0,317.3374
278.0,325.0,316.12225
278.0,323.0,314.9984
278.0,320.0,314.2998
278.0,317.0,312.8903
279.0,315.0,312.5151
279.0,315.0,310.55255
279.0,315.0,312.91727
280.0,315.0,314.07684
280.0,315.0,314.06467
280.0,315.0,314.38828
281.0,314.0,315.38345
281.0,313.0,317.01932
281.0,313.0,317.72397
281.0,312.0,317.97186
282.0,311.0,318.13565
282.0,309.0,317.5742
282.0,308.0,318.54095
283.0,307.0,319.5117
283.0,307.0,317.66928
283.0,306.0,318.52582
284.0,305.0,317.68326
284.0,305.0,318.4273
284.0,303.0,317.4016
284.0,300.0,318.94257
285.0,299.0,317.29904
285.0,298.0,318.0737
285.0,297.0,316.91238
286.0,294.99999999999994,318.30875
286.0,292.99999999999994,317.82742
286.0,289.99999999999994,317.52173
287.0,286.99999999999994,316.31888
287.0,282.99999999999994,315.4228
287.0,280.0,315.76868
287.0,279.0,314.5914
288.0,280.0,312.7982
288.0,280.0,312.97116
288.0,279.0,311.56573
289.0,277.0,312.11288
289.0,274.0,310.76675
289.0,273.0,311.1774
290.0,274.0,309.99884
290.0,275.0,309.16296
290.0,277.0,306.9777
290.0,278.0,305.74384
291.0,279.0,303.15106
291.0,279.0,300.93903
291.0,276.0,299.0558
292.0,273.0,298.16003
292.0,272.0,299.5601
292.0,271.0,300.38123
293.0,271.0,298.8642
293.0,270.0,298.44266
293.0,269.0,296.4355
293.0,269.0,296.72623
294.0,272.0,297.05408
294.0,276.0,297.22726
294.0,279.0,295.23434
295.0,280.0,295.16162
295.0,278.0,295.45822
295.0,276.0,295.3641
296.0,274.0,292.3576
296.0,274.0,290.84222
296.0,275.0,289.9659
296.0,277.0,290.74115
297.0,278.0,288.0664
297.0,278.0,288.04016
297.0,277.0,289.31738
298.0,276.0,291.94803
298.0,275.0,289.4981
298.0,275.0,290.0592
299.0,275.0,291.0087
299.0,276.0,292.86136
299.0,277.0,290.38943
299.0,278.0,290.2409
300.0,279.0,288.74643
300.0,280.0,291.90994
300.0,280.0,290.1198
301.0,281.0,289.525
301.0,281.0,288.674
301.0,281.0,291.73737
302.0,281.0,291.25195
302.0,281.99999999999994,289.8447
302.0,281.99999999999994,289.0502
302.0,282.99999999999994,288.87738
303.0,285.99999999999994,288.90445
303.0,287.99999999999994,291.18903
303.0,288.99999999999994,291.55115
304.0,289.99999999999994,291.76852
304.0,289.99999999999994,291.43732
304.0,289.99999999999994,291.78592
305.0,290.99999999999994,289.80197
305.0,292.99999999999994,290.59338
305.0,294.99999999999994,289.7344
305.0,297.0,292.12466
306.0,297.0,292.55396
306.0,297.0,293.12848
306.0,296.0,292.76825
307.0,294.99999999999994,291.754
307.0,294.99999999999994,291.46014
307.0,296.0,290.19623
308.0,297.0,290.9043
308.0,297.0,291.62256
308.0,297.0,293.6691
308.0,297.0,293.4453
309.0,297.0,295.77682
309.0,298.0,296.1065
309.0,298.0,298.5565
310.0,296.0,299.64548
310.0,292.99999999999994,300.9827
310.0,291.99999999999994,300.70737
311.0,290.99999999999994,301.6415
311.0,289.99999999999994,301.5141
311.0,288.99999999999994,303.5672
311.0,288.99999999999994,303.6215
312.0,291.99999999999994,305.64014
312.0,293.99999999999994,303.92932
312.0,298.0,304.87048
313.0,302.0,304.256
313.0,306.0,303.9294
313.0,309.0,301.6717
314.0,313.0,301.8331
314.0,314.0,299.72736
314.0,312.0,300.3211
314.0,310.0,298.5174
315.0,309.0,300.0383
315.0,307.0,298.0716
315.0,305.0,301.9579
316.0,305.0,304.76584
316.0,305.0,307.75974
316.0,305.0,307.76068
317.0,303.0,309.62256
317.0,301.0,310.63535
317.0,299.0,312.40857
317.0,296.0,311.7724
318.0,292.99999999999994,312.05215
318.0,291.99999999999994,310.35855
318.0,291.99999999999994,310.86484
319.0,292.99999999999994,310.9546
319.0,292.99999999999994,309.69067
319.0,290.99999999999994,309.90475
320.0,288.99999999999994,310.1169
320.0,286.99999999999994,310.2207
320.0,284.99999999999994,309.0064
320.0,283.99999999999994,307.8763
321.0,283.99999999999994,307.6806
321.0,283.99999999999994,308.07425
321.0,284.99999999999994,310.17075
322.0,284.99999999999994,306.99612
322.0,285.99999999999994,308.69
322.0,285.99999999999994,306.74872
323.0,285.99999999999994,307.93893
323.0,285.99999999999994,305.11145
323.0,288.99999999999994,304.9708
323.0,290.99999999999994,304.59805
324.0,290.99999999999994,304.3721
324.0,290.99999999999994,304.70267
324.0,289.99999999999994,303.5899
325.0,289.99999999999994,302.33517
325.0,291.99999999999994,301.8634
325.0,294.99999999999994,301.97217
326.0,297.0,301.7747
326.0,298.0,301.74097
326.0,299.0,303.42792
326.0,300.0,303.7572
327.0,300.0,303.57623
327.0,300.0,304.82483
327.0,299.0,307.51495
328.0,296.0,304.70663
328.0,291.99999999999994,305.5083
328.0,291.99999999999994,303.52588
329.0,294.99999999999994,305.2157
329.0,296.0,305.30136
329.0,293.99999999999994,305.78824
329.0,290.99999999999994,303.9741
330.0,288.99999999999994,304.80685
330.0,286.99999999999994,307.1334
330.0,287.99999999999994,307.48755
331.0,288.99999999999994,305.36786
331.0,290.99999999999994,305.63092
331.0,292.99999999999994,305.07587
332.0,293.99999999999994,306.6986
332.0,297.0,304.03342
332.0,300.0,304.71982
332.0,302.0,302.0998
333.0,304.0,305.18637
333.0,304.0,301.849
333.0,304.0,305.73724
334.0,304.0,301.2199
334.0,305.0,303.32733
334.0,305.0,297.9829
335.0,306.0,302.66617
335.0,307.0,301.13818
335.0,307.0,306.59338
335.0,306.0,303.19263
336.0,305.0,306.07352
336.0,304.0,301.15726
336.0,304.0,305.03046
337.0,303.0,302.82108
337.0,304.0,305.43967
337.0,306.0,300.7322
338.0,308.0,302.62836
338.0,310.0,299.52213
338.0,312.0,300.82016
338.0,315.0,297.87067
339.0,319.0,301.66095
339.0,324.0,298.02612
339.0,328.0,303.13046
340.0,330.0,301.36823
340.0,330.0,303.88147
340.0,330.0,301.22787
341.0,329.0,301.9808
341.0,328.0,301.88596
341.0,327.0,305.21445
341.0,325.0,304.34265
342.0,324.0,307.58026
342.0,322.0,307.21237
342.0,321.0,311.1261
343.0,322.0,310.1963
343.0,323.0,312.851
343.0,326.0,313.40897
344.0,328.0,317.74002
344.0,330.0,318.57358
344.0,332.99999999999994,316.27243
344.0,335.99999999999994,314.28516
345.0,335.99999999999994,314.30228
345.0,333.99999999999994,314.2723
345.0,332.99999999999994,314.6356
346.0,332.99999999999994,310.7943
346.0,331.0,311.5249
346.0,331.0,309.03976
347.0,332.0,313.91672
347.0,332.99999999999994,310.5745
347.0,334.99999999999994,314.47388
347.0,336.99999999999994,313.394
348.0,337.99999999999994,319.05273
348.0,339.99999999999994,320.5365
348.0,341.99999999999994,322.86368
349.0,340.99999999999994,322.45865
349.0,338.99999999999994,322.25363
349.0,338.99999999999994,321.65536
350.0,339.99999999999994,323.12018
350.0,340.99999999999994,320.68527
350.0,341.99999999999994,322.4364
350.0,342.99999999999994,323.71097
351.0,343.99999999999994,324.55463
351.0,345.99999999999994,323.87836
351.0,348.0,321.40637
352.0,348.0,325.7221
352.0,345.99999999999994,324.88525
352.0,343.99999999999994,328.0538
353.0,342.99999999999994,326.75018
353.0,341.99999999999994,328.8502
353.0,340.99999999999994,328.80048
353.0,340.99999999999994,328.76895
354.0,341.99999999999994,327.5805
354.0,342.99999999999994,329.8001
354.0,342.99999999999994,330.70224
355.0,343.99999999999994,334.31607
355.0,345.99999999999994,331.70993
355.0,348.0,334.3983
356.0,349.0,331.18817
356.0,347.0,334.88474
356.0,345.99999999999994,330.34042
356.0,345.99999999999994,330.6048
357.0,348.0,326.8595
357.0,348.0,329.68295
357.0,347.0,326.63278
358.0,343.99999999999994,327.50278
358.0,342.99999999999994,327.00827
358.0,341.99999999999994,328.67584
359.0,341.99999999999994,330.62994
359.0,345.99999999999994,331.11508
359.0,351.0,331.44202
359.0,352.0,333.63538
360.0,350.0,334.79858
360.0,347.0,336.75656
360.0,345.99999999999994,335.05222
361.0,345.99999999999994,338.40027
361.0,345.99999999999994,337.33133
361.0,345.99999999999994,336.99075
362.0,344.99999999999994,334.08524
362.0,339.99999999999994,334.67477
362.0,334.99999999999994,336.96994
362.0,332.0,339.40082
363.0,332.0,337.35727
363.0,332.99999999999994,340.5165
363.0,332.99999999999994,337.58792
364.0,332.99999999999994,337.33987
364.0,332.99999999999994,337.7817
364.0,331.0,340.96674
365.0,329.0,340.78137
365.0,329.0,341.30063
365.0,329.0,337.9411
365.0,329.0,339.37943
366.0,330.0,334.64252
366.0,331.0,335.56412
366.0,330.0,331.56598
367.0,329.0,332.36792
367.0,327.0,329.7073
367.0,327.0,331.09775
368.0,330.0,329.05484
368.0,331.0,330.27997
368.0,328.0,332.62973
368.0,325.0,332.22897
369.0,323.0,332.04272
369.0,324.0,332.8525
369.0,326.0,334.07892
370.0,328.0,331.71045
370.0,330.0,330.82623
370.0,331.0,329.2263
371.0,331.0,330.668
371.0,330.0,329.84253
371.0,328.0,329.7287
371.0,328.0,328.94217
372.0,328.0,328.3976
372.0,329.0,327.55652
372.0,329.0,328.7336
373.0,328.0,326.24884
373.0,329.0,326.77267
373.0,331.0,325.0094
374.0,333.99999999999994,329.54764
374.0,336.99999999999994,328.23114
374.0,338.99999999999994,328.6694
374.0,339.99999999999994,327.67633
375.0,340.99999999999994,327.57056
375.0,339.99999999999994,324.7047
375.0,337.99999999999994,324.58704
376.0,334.99999999999994,323.78314
376.0,332.0,326.92404
376.0,332.0,326.41885
377.0,335.99999999999994,326.33807
377.0,336.99999999999994,328.52374
377.0,335.99999999999994,329.93497
377.0,334.99999999999994,329.7991
378.0,334.99999999999994,329.15625
378.0,334.99999999999994,332.44412
378.0,335.99999999999994,332.04575
379.0,335.99999999999994,332.52487
379.0,333.99999999999994,330.46045
379.0,331.0,331.6106
380.0,330.0,329.6798
380.0,330.0,332.33386
380.0,330.0,333.90558
380.0,329.0,332.49088
381.0,328.0,331.7301
381.0,327.0,330.3509
381.0,328.0,333.85938
382.0,330.0,331.3303
382.0,332.99999999999994,331.39783
382.0,332.99999999999994,330.94238
383.0,331.0,332.39017
383.0,331.0,329.79214
383.0,333.99999999999994,328.08643
383.0,332.99999999999994,329.34427
384.0,332.0,330.68216
384.0,334.99999999999994,329.17474
384.0,338.99999999999994,327.7334
385.0,340.99999999999994,324.1663
385.0,341.99999999999994,322.7353
385.0,340.99999999999994,325.37384
386.0,339.99999999999994,322.1185
386.0,339.99999999999994,324.31046
386.0,340.99999999999994,319.7918
386.0,341.99999999999994,323.62476
387.0,341.99999999999994,318.73758
387.0,340.99999999999994,318.2622
387.0,339.99999999999994,317.5601
388.0,337.99999999999994,321.2901
388.0,336.99999999999994,322.2003
388.0,336.99999999999994,322.36237
389.0,334.99999999999994,320.13943
389.0,332.99999999999994,319.21506
389.0,330.0,319.24078
389.0,329.0,323.01608
390.0,330.0,317.4859
390.0,332.99999999999994,319.88107
390.0,334.99999999999994,316.59433
391.0,336.99999999999994,321.37314
391.0,338.99999999999994,318.7658
391.0,339.99999999999994,317.69553
392.0,340.99999999999994,315.46872
392.0,340.99999999999994,317.6297
392.0,339.99999999999994,315.66232
392.0,335.99999999999994,314.65338
393.0,332.0,312.9017
393.0,329.0,313.94424
393.0,328.0,313.36127
394.0,328.0,318.51556
394.0,329.0,319.48557
394.0,332.0,323.41574
395.0,333.99999999999994,322.7091
395.0,335.99999999999994,328.54956
395.0,336.99999999999994,330.38513
395.0,335.99999999999994,332.5801
396.0,334.99999999999994,331.39502
396.0,333.99999999999994,330.19864
396.0,333.99999999999994,329.22366
397.0,335.99999999999994,329.9833
397.0,337.99999999999994,330.86148
397.0,337.99999999999994,328.71915
398.0,337.99999999999994,328.05493
398.0,336.99999999999994,327.7952
398.0,334.99999999999994,328.18607
398.0,333.99999999999994,329.6929
399.0,332.99999999999994,329.13464
399.0,332.99999999999994,330.86157
399.0,331.0,330.38397
400.0,331.0,331.81848
400.0,329.0,331.18753
400.0,328.0,333.95123
401.0,326.0,332.63226
401.0,325.0,332.91562
401.0,324.0,333.45673
401.0,324.0,335.00894
402.0,325.0,337.0682
402.0,326.0,334.20834
402.0,326.0,333.613
403.0,325.0,333.1562
403.0,324.0,332.6048
403.0,322.0,332.19452
404.0,321.0,331.00003
404.0,321.0,330.61972
404.0,322.0,329.6002
404.0,322.0,328.54263
405.0,321.0,326.81757
405.0,320.0,328.97964
405.0,319.0,332.60074
406.0,317.0,332.56128
406.0,317.0,333.26025
406.0,317.0,330.84253
407.0,317.0,332.36414
407.0,318.0,331.98495
407.0,319.0,333.86465
407.0,319.0,331.2947
408.0,319.0,332.5923
408.0,319.0,333.07095
408.0,318.0,332.5288
409.0,318.0,331.85602
409.0,318.0,331.2703
409.0,318.0,329.73032
410.0,317.0,330.3365
410.0,315.0,330.06757
410.0,314.0,328.47507
410.0,313.0,327.90555
411.0,312.0,329.23642
411.0,311.0,329.11353
411.0,309.0,330.80273
412.0,309.0,330.16608
412.0,311.0,332.6529
412.0,311.0,331.6946
413.0,311.0,332.82355
413.0,311.0,332.12097
413.0,312.0,331.32318
413.0,312.0,330.9328
414.0,313.0,328.72162
414.0,313.0,326.98438
414.0,314.0,325.7695
415.0,314.0,326.62723
415.0,314.0,322.76608
415.0,315.0,323.70566
416.0,315.0,322.23065
416.0,314.0,325.267
416.0,313.0,326.60568
416.0,312.0,325.17047
417.0,313.0,325.34155
417.0,315.0,324.1914
417.0,316.0,325.80283
418.0,315.0,324.19382
418.0,314.0,324.22763
418.0,313.0,322.95346
419.0,312.0,321.72812
419.0,313.0,322.46487
419.0,313.0,322.79718
419.0,311.0,323.29767
420.0,310.0,322.5907
420.0,309.0,324.60043
420.0,309.0,325.22162
421.0,309.0,323.93912
421.0,310.0,323.69537
421.0,311.0,323.57874
422.0,313.0,324.9636
422.0,315.0,322.4877
422.0,315.0,324.36182
422.0,314.0,324.5258
423.0,315.0,327.114
423.0,316.0,325.29156
423.0,318.0,326.03345
424.0,318.0,324.0225
424.0,317.0,323.55695
424.0,312.0,322.82233
425.0,306.0,322.4293
425.0,301.0,324.62393
425.0,297.0,324.88562
425.0,294.99999999999994,324.29602
426.0,297.0,326.353
426.0,300.0,326.8803
426.0,301.0,327.81784
427.0,298.0,327.76526
427.0,297.0,327.7508
427.0,296.0,327.39322
428.0,294.99999999999994,327.4396
428.0,296.0,323.49033
428.0,299.0,322.22952
428.0,301.0,318.26053
429.0,301.0,319.15036
429.0,302.0,318.5588
429.0,303.0,315.89127
430.0,304.0,315.09445
430.0,304.0,313.30902
430.0,304.0,313.21307
431.0,303.0,315.78265
431.0,301.0,312.9672
431.0,300.0,314.90833
431.0,301.0,311.72745
432.0,301.0,314.15222
432.0,301.0,311.98776
432.0,300.0,314.25385
433.0,299.0,315.27832
433.0,298.0,316.12256
433.0,298.0,314.30103
434.0,299.0,313.70673
434.0,301.0,313.38168
434.0,303.0,315.4702
434.0,303.0,314.91446
435.0,303.0,312.27307
435.0,304.0,310.28372
435.0,305.0,310.07816
436.0,306.0,310.2682
436.0,307.0,306.5582
436.0,308.0,305.40433
437.0,308.0,302.96805
437.0,308.0,303.8128
437.0,308.0,305.25876
437.0,307.0,303.707
438.0,308.0,305.18536
438.0,311.0,302.28394
438.0,311.0,304.1139
439.0,309.0,303.32465
439.0,307.0,304.7744
439.0,306.0,305.0765
440.0,308.0,306.46185
440.0,310.0,304.81625
440.0,312.0,304.63135
440.0,314.0,305.98938
441.0,316.0,306.75378
441.0,318.0,305.19928
441.0,318.0,305.01578
442.0,319.0,305.44547
442.0,320.0,307.126
442.0,319.0,305.74417
443.0,319.0,307.67886
443.0,320.0,307.39352
443.0,322.0,308.10977
443.0,323.0,307.39767
444.0,324.0,308.0199
444.0,324.0,309.62735
444.0,322.0,313.24136
445.0,320.0,313.35028
445.0,317.0,315.03986
445.0,315.0,314.46136
446.0,314.0,316.0579
446.0,314.0,318.587
446.0,314.0,317.63486
446.0,314.0,317.82642
447.0,315.0,317.9802
447.0,316.0,316.45126
447.0,317.0,319.80923
448.0,319.0,314.52988
448.0,320.0,315.71356
448.0,317.0,311.54803
449.0,313.0,311.46063
449.0,311.0,308.6865
449.0,310.0,307.26532
449.0,311.0,305.0183
450.0,311.0,303.40265
450.0,310.0,302.01358
450.0,310.0,301.18555
451.0,311.0,301.84537
451.0,311.0,305.1495
451.0,312.0,309.81696
452.0,313.0,308.1196
452.0,314.0,310.74796
452.0,315.0,311.40915
452.0,317.0,310.91254
453.0,319.0,310.51968
453.0,321.0,308.57825
453.0,322.0,309.4456
454.0,321.0,308.11407
454.0,319.0,308.7378
454.0,318.0,308.82413
455.0,317.0,310.104
455.0,316.0,310.29538
455.0,314.0,312.53247
455.0,313.0,314.00488
456.0,312.0,314.66956
456.0,310.0,315.61948
456.0,309.0,318.79852
457.0,308.0,321.182
457.0,307.0,320.65942
457.0,306.0,320.4768
458.0,306.0,318.64688
458.0,305.0,318.14984
458.0,304.0,318.40652
458.0,303.0,319.0238
459.0,302.0,316.81787
459.0,301.0,316.05692
459.0,301.0,315.81943
460.0,301.0,318.518
460.0,302.0,321.3185
460.0,302.0,318.75754
461.0,301.0,319.79395
461.0,301.0,318.45105
461.0,299.0,319.5089
461.0,298.0,318.20892
462.0,298.0,317.95755
462.0,299.0,317.08795
462.0,301.0,317.991
463.0,306.0,318.43774
463.0,312.0,317.0848
463.0,317.0,318.66177
464.0,321.0,317.99286
464.0,323.0,319.2832
464.0,323.0,318.5471
464.0,322.0,317.26727
465.0,321.0,316.04758
465.0,320.0,314.96848
465.0,318.0,315.7038
466.0,317.0,314.62488
466.0,318.0,314.8466
466.0,320.0,315.65027
467.0,320.0,316.7624
467.0,320.0,318.83588
467.0,320.0,319.541
467.0,321.0,320.64673
468.0,319.0,320.1066
468.0,317.0,319.9725
468.0,316.0,319.02893
469.0,316.0,318.36447
469.0,316.0,320.16702
469.0,316.0,320.11862
470.0,315.0,319.39377
470.0,314.0,319.15073
470.0,312.0,319.74396
470.0,309.0,319.44116
471.0,309.0,319.12643
471.0,308.0,319.2002
471.0,306.0,318.8698
472.0,305.0,318.14005
472.0,305.0,320.42142
472.0,306.0,322.4328
473.0,305.0,321.32706
473.0,304.0,322.8319
473.0,301.0,322.3765
473.0,298.0,322.54276
474.0,294.99999999999994,321.02554
474.0,292.99999999999994,319.65097
474.0,292.99999999999994,318.99374
475.0,294.99999999999994,316.4805
475.0,297.0,315.18988
475.0,300.0,315.14352
476.0,304.0,315.13925
476.0,307.0,314.40076
476.0,306.0,313.98206
476.0,306.0,313.5416
477.0,304.0,313.2177
477.0,301.0,312.10257
477.0,300.0,309.38913
478.0,302.0,308.75162
478.0,304.0,308.96368
478.0,304.0,310.89398
479.0,302.0,310.333
479.0,299.0,312.3886
479.0,293.99999999999994,311.64783
479.0,287.99999999999994,311.6638
480.0,283.99999999999994,311.44714
480.0,281.99999999999994,311.31497
480.0,279.0,310.96225
481.0,278.0,310.37875
481.0,277.0,308.71753
481.0,277.0,309.91757
482.0,276.0,308.4767
482.0,276.0,308.7757
482.0,276.0,308.39597
482.0,277.0,307.06995
483.0,278.0,304.26587
483.0,279.0,302.94385
483.0,278.0,301.98233
484.0,276.0,302.48404
484.0,273.0,300.49066
484.0,271.0,299.9756
485.0,271.0,297.4695
485.0,271.0,297.63513
485.0,272.0,296.67636
485.0,273.0,295.00034
486.0,276.0,295.60522
486.0,278.0,295.14514
486.0,280.0,295.3702
487.0,280.0,295.687
487.0,279.0,297.22803
487.0,279.0,296.02286
488.0,278.0,294.1159
488.0,276.0,292.717
488.0,275.0,292.73245
488.0,274.0,292.4547
489.0,275.0,293.1612
489.0,276.0,292.11737
489.0,278.0,292.4096
490.0,279.0,290.63028
490.0,280.0,290.86713
490.0,280.0,291.11133
491.0,281.0,291.54172
491.0,281.99999999999994,289.7287
491.0,283.99999999999994,289.4374
491.0,283.99999999999994,287.65958
492.0,283.99999999999994,289.13947
492.0,281.99999999999994,286.91846
492.0,280.0,286.36377
493.0,278.0,285.30328
493.0,276.0,285.8715
493.0,276.0,285.55682
494.0,275.0,287.968
494.0,273.0,288.3625
494.0,272.0,287.8849
494.0,270.0,287.80017
495.0,269.0,290.3107
495.0,268.0,290.46234
495.0,268.0,289.27863
496.0,268.0,288.01633
496.0,266.0,287.88556
496.0,264.0,287.14108
497.0,262.0,285.6822
497.0,260.0,285.14438
497.0,259.0,285.74222
497.0,259.0,283.32523
498.0,259.0,281.8916
498.0,259.0,280.74905
498.0,259.0,282.5807
499.0,259.0,282.65475
499.0,260.0,281.40594
499.0,262.0,280.86942
500.0,264.0,279.52078
500.0,266.0,279.74783
500.0,268.0,280.59818
500.0,269.0,280.57974
501.0,270.0,278.91162
501.0,271.0,278.29077
501.0,270.0,277.38263
502.0,269.0,276.1057
502.0,267.0,275.73718
502.0,265.0,278.36554
503.0,264.0,281.37787
503.0,265.0,280.8878
503.0,267.0,280.56247
503.0,269.0,278.34274
504.0,270.0,278.74704
504.0,271.0,281.07388
504.0,272.0,283.73776
505.0,272.0,284.58157
505.0,272.0,283.00726
505.0,271.0,280.60785
506.0,270.0,278.90063
506.0,269.0,279.17078
506.0,268.0,278.28915
506.0,269.0,277.44775
507.0,269.0,277.87677
507.0,269.0,277.0999
507.0,269.0,277.2516
508.0,270.0,277.5744
508.0,271.0,280.1825
508.0,273.0,280.75317
509.0,273.0,282.10443
509.0,273.0,282.16245
509.0,272.0,281.24402
509.0,272.0,282.32
510.0,271.0,283.7482
510.0,270.0,282.29324
510.0,269.0,280.68475
511.0,268.0,281.5323
511.0,267.0,282.86743
511.0,267.0,280.08334
512.0,267.0,279.95175
512.0,267.0,277.82367
512.0,268.0,278.1021
512.0,270.0,279.6946
513.0,271.0,281.58847
513.0,272.0,279.29663
513.0,271.0,279.88156
514.0,270.0,276.91922
514.0,270.0,279.62943
514.0,270.0,277.54248
515.0,270.0,275.99384
515.0,269.0,275.81134
515.0,268.0,276.82004
515.0,268.0,276.24982
516.0,270.0,277.2158
516.0,271.0,278.69705
516.0,271.0,280.76852
517.0,272.0,278.14343
517.0,273.0,280.28143
517.0,274.0,281.4101
518.0,274.0,284.42014
518.0,275.0,281.31485
518.0,276.0,282.88324
518.0,277.0,279.26434
519.0,277.0,282.38345
519.0,277.0,283.0046
519.0,276.0,283.54535
520.0,276.0,282.2606
520.0,277.0,284.63287
520.0,278.0,286.69202
521.0,280.0,284.61288
521.0,281.99999999999994,284.66812
521.0,284.99999999999994,284.62466
521.0,287.99999999999994,287.22754
522.0,291.99999999999994,289.22192
522.0,296.0,287.02307
522.0,299.0,286.605
523.0,301.0,284.71365
523.0,303.0,284.8619
523.0,305.0,283.8574
524.0,306.0,283.5279
524.0,305.0,284.34442
524.0,303.0,285.83704
524.0,301.0,288.91898
525.0,300.0,287.95032
525.0,300.0,290.1065
525.0,301.0,291.1172
526.0,302.0,294.3637
526.0,302.0,294.0296
526.0,300.0,295.98294
527.0,297.0,296.13644
527.0,294.99999999999994,296.76767
527.0,293.99999999999994,298.6773
527.0,293.99999999999994,298.86563
528.0,292.99999999999994,297.58917
528.0,290.99999999999994,298.33362
528.0,289.99999999999994,298.23462
529.0,288.99999999999994,298.3163
529.0,287.99999999999994,297.25943
529.0,285.99999999999994,298.46518
530.0,283.99999999999994,298.18848
530.0,282.99999999999994,300.17145
530.0,281.99999999999994,298.439
530.0,280.0,301.3666
531.0,280.0,299.047
531.0,280.0,301.86572
531.0,281.0,299.08914
532.0,281.99999999999994,302.05188
532.0,281.0,300.22516
532.0,278.0,302.37088
533.0,276.0,299.33234
533.0,277.0,300.57257
533.0,279.0,298.2075
533.0,279.0,299.86966
534.0,278.0,296.82196
534.0,277.0,298.0747
534.0,276.0,298.55502
535.0,276.0,301.38635
535.0,277.0,298.58975
535.0,279.0,299.57123
536.0,280.0,297.6141
536.0,280.0,299.18875
536.0,281.0,297.52106
536.0,281.99999999999994,300.15305
537.0,283.99999999999994,296.8914
537.0,285.99999999999994,298.20792
537.0,286.99999999999994,295.09625
538.0,286.99999999999994,295.13556
538.0,286.99999999999994,294.4156
538.0,285.99999999999994,298.33228
539.0,285.99999999999994,298.25143
539.0,286.99999999999994,298.44806
539.0,288.99999999999994,299.00595
539.0,289.99999999999994,300.54443
540.0,289.99999999999994,298.20465
540.0,289.99999999999994,300.24603
540.0,289.99999999999994,297.9651
541.0,289.99999999999994,298.52597
541.0,289.99999999999994,296.59012
541.0,289.99999999999994,298.92523
542.0,290.99999999999994,298.7392
542.0,291.99999999999994,301.38757
542.0,291.99999999999994,297.84158
542.0,291.99999999999994,298.05878
543.0,290.99999999999994,297.0606
543.0,289.99999999999994,301.24405
543.0,287.99999999999994,299.15155
544.0,286.99999999999994,299.68274
544.0,285.99999999999994,297.49002
544.0,284.99999999999994,298.67538
545.0,284.99999999999994,297.07858
545.0,285.99999999999994,298.67917
545.0,286.99999999999994,296.8316
545.0,287.99999999999994,297.89822
546.0,287.99999999999994,296.12183
546.0,285.99999999999994,298.36453
546.0,284.99999999999994,296.3536
547.0,284.99999999999994,298.27496
547.0,284.99999999999994,296.49533
547.0,283.99999999999994,296.26782
548.0,283.99999999999994,293.48444
548.0,283.99999999999994,294.60312
548.0,284.99999999999994,294.53537
548.0,285.99999999999994,295.66464
549.0,286.99999999999994,292.80847
549.0,287.99999999999994,295.6467
549.0,287.99999999999994,294.586
550.0,287.99999999999994,296.84976
550.0,287.99999999999994,295.04855
550.0,288.99999999999994,295.41974
551.0,288.99999999999994,295.59674
551.0,287.99999999999994,298.77734
551.0,286.99999999999994,296.1384
551.0,284.99999999999994,297.45132
552.0,282.99999999999994,296.42322
552.0,281.99999999999994,299.3644
552.0,281.0,298.6351
553.0,280.0,301.04343
553.0,279.0,299.6981
553.0,278.0,301.06808
554.0,278.0,299.91968
554.0,277.0,300.88095
554.0,277.0,300.8039
554.0,277.0,301.83493
555.0,277.0,301.34583
555.0,277.0,300.1097
555.0,278.0,299.26428
556.0,279.0,297.91727
556.0,281.99999999999994,295.6181
556.0,284.99999999999994,294.9843
557.0,287.99999999999994,294.4395
557.0,288.99999999999994,296.3476
557.0,287.99999999999994,296.34274
557.0,289.99999999999994,295.42435
558.0,291.99999999999994,294.33716
558.0,294.99999999999994,292.85236
558.0,296.0,292.7733
559.0,294.99999999999994,293.96637
559.0,293.99999999999994,292.58438
559.0,292.99999999999994,294.6707
560.0,291.99999999999994,294.2561
560.0,290.99999999999994,295.19476
560.0,291.99999999999994,294.19153
560.0,291.99999999999994,293.88916
561.0,293.99999999999994,293.1765
561.0,294.99999999999994,294.9148
561.0,294.99999999999994,295.1238
562.0,294.99999999999994,295.30496
562.0,294.99999999999994,295.62424
562.0,292.99999999999994,295.33057
563.0,292.99999999999994,293.64383
563.0,292.99999999999994,294.32715
563.0,291.99999999999994,292.4694
563.0,290.99999999999994,292.98282
564.0,289.99999999999994,291.24277
564.0,289.99999999999994,294.1179
564.0,289.99999999999994,296.73932
565.0,290.99999999999994,297.5261
565.0,290.99999999999994,297.2072
565.0,291.99999999999994,297.56915
566.0,291.99999999999994,299.0021
566.0,291.99999999999994,299.83704
566.0,289.99999999999994,297.94672
566.0,286.99999999999994,297.70297
567.0,284.99999999999994,297.23904
567.0,281.99999999999994,298.5246
567.0,280.0,297.40866
568.0,279.0,297.452
568.0,280.0,297.9358
568.0,281.0,298.6102
569.0,281.99999999999994,299.3073
569.0,282.99999999999994,300.72388
569.0,284.99999999999994,304.13794
569.0,285.99999999999994,301.22552
570.0,286.99999999999994,303.78595
570.0,286.99999999999994,300.7495
570.0,286.99999999999994,302.184
571.0,284.99999999999994,299.3945
571.0,282.99999999999994,301.02795
571.0,281.0,297.1402
572.0,281.0,296.7932
572.0,281.0,294.22662
572.0,281.99999999999994,294.50885
572.0,283.99999999999994,295.90057
573.0,284.99999999999994,298.68906
573.0,282.99999999999994,297.97772
573.0,281.0,300.1159
574.0,281.99999999999994,299.2027
574.0,282.99999999999994,300.9097
574.0,282.99999999999994,298.2244
575.0,281.99999999999994,298.2771
575.0,281.0,295.49753
575.0,281.0,297.29642
575.0,281.0,295.76517
576.0,281.0,298.27512
576.0,281.0,296.16693
576.0,281.99999999999994,298.2449
577.0,281.99999999999994,295.66595
577.0,282.99999999999994,299.71387
577.0,283.99999999999994,300.0175
578.0,285.99999999999994,299.8027
578.0,288.99999999999994,297.43152
578.0,292.99999999999994,296.56088
578.0,296.0,297.49985
579.0,297.0,297.5563
579.0,297.0,297.20996
579.0,296.0,297.76993
580.0,296.0,294.89896
580.0,296.0,295.39697
580.0,297.0,294.03568
581.0,297.0,296.83218
581.0,298.0,296.61258
581.0,297.0,297.01385
581.0,294.99999999999994,297.71857
582.0,292.99999999999994,298.87802
582.0,291.99999999999994,299.3324
582.0,291.99999999999994,298.55923
583.0,291.99999999999994,298.97906
583.0,291.99999999999994,298.03592
583.0,290.99999999999994,299.11566
584.0,288.99999999999994,299.94788
584.0,287.99999999999994,299.14935
584.0,287.99999999999994,298.80463
584.0,286.99999999999994,297.74216
585.0,285.99999999999994,296.3747
585.0,285.99999999999994,296.82797
585.0,284.99999999999994,296.8845
586.0,285.99999999999994,298.91388
586.0,288.99999999999994,295.31012
586.0,290.99999999999994,297.74493
587.0,291.99999999999994,296.3553
587.0,292.99999999999994,298.89514
587.0,294.99999999999994,296.12482
587.0,297.0,298.0472
588.0,298.0,296.1273
588.0,300.0,298.02255
588.0,301.0,297.84305
589.0,302.0,299.44025
589.0,302.0,297.42242
589.0,302.0,298.02432
590.0,302.0,296.93155
590.0,301.0,299.5344
590.0,299.0,300.83392
590.0,297.0,304.80496
591.0,293.99999999999994,303.1898
591.0,291.99999999999994,305.79184
591.0,291.99999999999994,303.6986
592.0,292.99999999999994,306.38693
592.0,292.99999999999994,304.74844
592.0,292.99999999999994,307.80283
593.0,292.99999999999994,306.64352
593.0,292.99999999999994,305.70993
593.0,291.99999999999994,304.08463
593.0,289.99999999999994,304.07303
594.0,288.99999999999994,302.1844
594.0,288.99999999999994,304.19717
594.0,289.99999999999994,301.69147
595.0,289.99999999999994,301.6737
595.0,290.99999999999994,299.82858
595.0,291.99999999999994,301.45813
596.0,292.99999999999994,298.4862
596.0,293.99999999999994,301.27475
596.0,293.99999999999994,299.62677
596.0,291.99999999999994,302.39865
597.0,288.99999999999994,301.92285
597.0,286.99999999999994,302.10934
597.0,284.99999999999994,300.74265
598.0,282.99999999999994,301.71387
598.0,281.99999999999994,301.112
598.0,281.99999999999994,301.6231
599.0,281.0,301.4001
599.0,281.0,303.1306
599.0,281.0,302.40414
599.0,281.0,303.82584
600.0,281.0,301.65808
600.0,280.0,302.53516
